id,gender,masterCategory,subCategory,baseColour,season,year,usage,productDisplayName,articleType
57492,Men,Footwear,Shoes,Brown,Summer,2012.0,Formal,Lee Cooper Men Brown Shoes,Casual Shoes
49417,Men,Footwear,Shoes,Grey,Summer,2012.0,Casual,Vans Men Grey Authentic Shoes,Casual Shoes
46749,Men,Apparel,Bottomwear,Blue,Summer,2012.0,Sports,Nike Men Blue Track Pants,Track Pants
18011,Women,Accessories,Belts,Blue,Winter,2015.0,Casual,Lino Perros Women Solid Blue Belt,Belts
42952,Men,Accessories,Belts,Brown,Summer,2012.0,Casual,French Connection Men Brown Leather Belt,Belts
14487,Men,Footwear,Shoes,Black,Fall,2011.0,Casual,Flying Machine Men Casual Black Casual Shoes,Casual Shoes
17226,Women,Accessories,Eyewear,Blue,Winter,2016.0,Casual,United Colors of Benetton Women Funky Eyewear Blue Sunglasses,Sunglasses
17167,Men,Apparel,Topwear,Blue,Fall,2011.0,Casual,U.S. Polo Assn. Men Checks Blue Shirt,Shirts
41712,Women,Footwear,Shoes,Teal,Winter,2012.0,Casual,Catwalk Women Teal Wedges,Heels
32072,Men,Apparel,Loungewear and Nightwear,Navy Blue,Summer,2016.0,Casual,Playboy Men Navy Blue Shorts,Lounge Shorts
13621,Men,Apparel,Loungewear and Nightwear,Grey,Summer,2016.0,Casual,Hanes Men Knitted Grey Shorts,
21356,Women,Accessories,Eyewear,Grey,Winter,2016.0,Casual,Van Heusen Women Aviator Sunglasses,Sunglasses
15322,Men,Apparel,Topwear,Black,Fall,2011.0,Casual,Nike Men Solid Black Jacket,Jackets
2307,Women,Apparel,Topwear,Purple,Fall,2010.0,Sports,Nike Women Purple Polo T-shirt,Tshirts
14314,Men,Apparel,Topwear,White,Fall,2011.0,Sports,ADIDAS Men Solid White Jerseys,Tshirts
3800,Unisex,Apparel,Topwear,Pink,Summer,2011.0,Casual,Tantra  Kid's Yumm Pink Kidswear,Tshirts
31161,Boys,Apparel,Topwear,Navy Blue,Summer,2012.0,Casual,Gini and Jony Boys Printed Navy Blue Blazer,Blazers
32029,Men,Accessories,Socks,Grey,Summer,2016.0,Sports,Playboy Men Pack of 3 Socks,Socks
24304,Men,Apparel,Topwear,Black,Fall,2011.0,Casual,ADIDAS Men Printed Black Sweatshirt,Sweatshirts
34062,Girls,Apparel,Dress,Pink,Summer,2012.0,Casual,Gini and Jony Girls Printed Pink Dress,Dresses
13382,Women,Footwear,Shoes,Brown,Fall,2011.0,Casual,Timberland Women Femmes Brown Casual Shoes,Casual Shoes
45229,Men,Accessories,Watches,Black,Winter,2016.0,Casual,CASIO Men Black Dial & Digital Watches AD144,Watches
58250,Women,Accessories,Wallets,Orange,Fall,2012.0,Casual,Baggit Women Orange Wallet,Wallets
19687,Men,Apparel,Bottomwear,Grey,Fall,2011.0,Casual,United Colors of Benetton Men Grey Washed Shorts,Shorts
18567,Men,Footwear,Shoes,Yellow,Fall,2011.0,Sports,Puma Men Faas 300 Yellow Sports Shoes,Sports Shoes
5071,Women,Accessories,Watches,Black,Winter,2016.0,Casual,Being Human Women Silicon Strap Black Watch,Watches
44896,Men,Apparel,Topwear,Blue,Summer,2012.0,Casual,Puma Men Blue Polo Neck T-shirt,Tshirts
50599,Men,Apparel,Innerwear,Navy Blue,Summer,2016.0,Casual,Chromozome Men Navy Blue Briefs,Briefs
56611,Women,Personal Care,Makeup,Skin,Spring,2017.0,,Streetwear Stay On Caramel Compact,Compact
7131,Men,Apparel,Bottomwear,Black,Fall,2011.0,Casual,Urban Yoga Men Bottom Black Track Pants,Track Pants
5861,Men,Apparel,Topwear,Black,Summer,2011.0,Casual,ADIDAS Men's 16th Polo Black T-shirt,Tshirts
6351,Unisex,Footwear,Sandal,Red,Summer,2011.0,Casual,Crocs Kids Red Clogs,Sandals
26266,Men,Apparel,Topwear,Brown,Summer,2012.0,Casual,Proline Men Brown Polo T-Shirt,Tshirts
18883,Women,Apparel,Topwear,Navy Blue,Fall,2011.0,Casual,Arrow Woman Payton Navy Blue Shirt,Shirts
23483,Men,Accessories,Scarves,Blue,Summer,2012.0,Casual,Arrow Men Blue Check Scarf,
12774,Women,Apparel,Topwear,Green,Fall,2011.0,Ethnic,Mother Earth Women 2Tone Mangalgiri Green Kurtas,Kurtas
48438,Men,Apparel,Topwear,Blue,Summer,2012.0,Casual,French Connection Men Blue Printed T-shirt,Tshirts
55280,Women,Personal Care,Makeup,Pink,Spring,2017.0,Casual,Lakme Women Pure Rouge Peach Affair Blusher,Highlighter and Blush
20020,Men,Apparel,Topwear,Blue,Summer,2011.0,Casual,United Colors Of Benetton Men Blue Check Shirt,Shirts
38331,Girls,Apparel,Topwear,White,Summer,2012.0,Casual,Hannah Montana Girls White Top,Tops
20531,Women,Accessories,Wallets,Green,Winter,2015.0,Casual,Baggit Women Quick Mayur Green Wallet,Wallets
51752,Women,Footwear,Shoes,Black,Winter,2015.0,Casual,Catwalk Women Black Pumps,Casual Shoes
10785,Unisex,Accessories,Headwear,Grey,Fall,2011.0,Sports,Nike Unisex Runng Grey Caps,Caps
31316,Women,Apparel,Topwear,White,Summer,2012.0,Casual,W Women White Top,Tops
14673,Men,Apparel,Topwear,Black,Fall,2011.0,Casual,Basics Men Black Slim Fit Checked Shirt,Shirts
9121,Men,Footwear,Shoes,Brown,Summer,2013.0,Casual,Puma Men Yacht L Brown Casual Shoes,Sports Shoes
28043,Men,Apparel,Innerwear,Grey Melange,Summer,2016.0,Casual,Jockey ELANCE Men Grey Melange Brief 1008,
13303,Men,Apparel,Bottomwear,Beige,Fall,2011.0,Casual,Gini and Jony Kids Boys Solid Beige Shorts,
24850,Men,Accessories,Belts,Brown,Summer,2012.0,Formal,Indigo Nation Men Formal Brown Belts,Belts
51332,Men,Apparel,Bottomwear,Black,Summer,2015.0,,Wildcraft Men Black Rain Trousers,
53911,Women,Accessories,Bags,Beige,Summer,2012.0,Casual,Kiara Women Brown Handbag,Handbags
47014,Women,Apparel,Topwear,Black,Summer,2012.0,Ethnic,Shree Women Black & Red Kurta,Kurtas
32000,Men,Accessories,Socks,Brown,Summer,2016.0,Formal,Playboy Men Brown Socks,Socks
31234,Men,Apparel,Topwear,Blue,Summer,2012.0,Casual,Puma Men Blue Striped Polo T-shirt,Tshirts
46483,Men,Accessories,Watches,Black,Winter,2016.0,Casual,Timex Men Black Dial Watch,Watches
31602,Men,Apparel,Topwear,Purple,Summer,2012.0,Casual,Mark Taylor Men Printed Purple T-shirt,Tshirts
16444,Men,Apparel,Topwear,Olive,Fall,2011.0,Casual,Levis Men Printed Olive Sweatshirts,Sweatshirts
34041,Boys,Apparel,Topwear,Red,Summer,2012.0,Casual,Gini and Jony Boys Check Red Shirt,
48774,Women,Accessories,Jewellery,Silver,Summer,2013.0,Casual,Lucera Women Silver Pendant,Pendant
18320,Men,Apparel,Topwear,Green,Summer,2011.0,Casual,Wills Lifestyle Men Check Green Shirt,Shirts
23236,Women,Apparel,Topwear,Red,Fall,2011.0,Ethnic,Aneri Women Gulista Red Kurta,Kurtas
19396,Men,Apparel,Topwear,White,Fall,2011.0,Casual,ADIDAS Men Printed White Tshirt,Tshirts
11626,Women,Apparel,Topwear,Purple,Summer,2011.0,Ethnic,W Women Printed Purple Kurtas,Kurtas
25039,Men,Apparel,Bottomwear,Black,Summer,2011.0,Sports,Nike Men T90 Black Shorts,Shorts
25271,Women,Accessories,Bags,Maroon,Summer,2012.0,Casual,Lino Perros Women Leatherette Maroon Handbag,Handbags
47289,Women,Accessories,Bags,Red,Summer,2012.0,Casual,Baggit Women Red Bag,Handbags
6995,Men,Apparel,Topwear,Grey,Summer,2011.0,Casual,s.Oliver Men's Line Printed Dark Grey T-shirt,Tshirts
19063,Women,Apparel,Topwear,Off White,Fall,2011.0,Ethnic,W Women Block Print Off White Kurta,Kurtas
13325,Men,Apparel,Topwear,Brown,Fall,2011.0,Casual,Gini and Jony Kids Boys Printed Brown Shirts,Shirts
57032,Women,Apparel,Topwear,Black,Summer,2012.0,Casual,Forever New Women Black Top,Tops
54565,Women,Apparel,Topwear,Green,Summer,2012.0,Ethnic,Sushilas Women Green Kurta,Kurtas
43676,Women,Apparel,Dress,Green,Summer,2012.0,Casual,French Connection Women Mint Green Dress,Dresses
45193,Women,Accessories,Watches,Black,Winter,2016.0,Casual,CASIO ENTICER Women Black Dial Analogue Watch A645,Watches
59368,Women,Apparel,Topwear,Blue,Summer,2012.0,Ethnic,Vishudh Women Blue & Green Kurta,Kurtas
11839,Men,Footwear,Shoes,Grey,Fall,2012.0,Casual,Playboy Men Casual Grey Casual Shoes,Casual Shoes
53895,Women,Accessories,Bags,Pink,Summer,2012.0,Casual,Kiara Women Pink Handbag,Handbags
33484,Women,Accessories,Belts,Silver,Summer,2012.0,Casual,Baggit Women Chapati Bar Silver Belt,Belts
40991,Girls,Apparel,Topwear,Yellow,Summer,2012.0,Casual,Gini and Jony Girls Milan Yellow Top,Tops
59260,Women,Accessories,Watches,Silver,Winter,2016.0,Casual,Titan Women Silver Dial Watch,Watches
6006,Men,Apparel,Topwear,Red,Summer,2011.0,Casual,Highlander Men White Red Checked Slim Fit Shirt,Shirts
31189,Men,Accessories,Wallets,Brown,Summer,2012.0,Casual,Cabarelli Men Brown Wallet,Wallets
13036,Women,Footwear,Shoes,Beige,Winter,2012.0,Casual,Inc 5 Women Casual Beige Wedges,Heels
11375,Women,Apparel,Topwear,White,Fall,2011.0,Casual,United Colors Of Benetton Women Winter White Shirt,Shirts
57244,Women,Accessories,Bags,Beige,Summer,2012.0,Casual,Murcia Women Beige Handbag,Handbags
20931,Men,Accessories,Bags,Black,Winter,2016.0,Casual,Fastrack Men Polyester Black Backpack,Backpacks
6901,Women,Apparel,Topwear,Red,Summer,2011.0,Casual,Tantra Women's Farm Ville Brick Red T-shirt,Tshirts
43228,Women,Accessories,Bags,Brown,Summer,2012.0,Casual,United Colors of Benetton Women Brown Swede Finish Handbag,Handbags
37939,Women,Apparel,Topwear,Black,Summer,2012.0,Casual,Mineral Women Black Tunic,Tunics
57467,Unisex,Footwear,Shoes,Navy Blue,Fall,2012.0,Casual,Puma Unisex 917 Lo CVS Navy Blue Shoes,Casual Shoes
39678,Men,Footwear,Shoes,Black,Summer,2012.0,Casual,Lotto Men Black Shoes,Casual Shoes
7071,Unisex,Accessories,Bags,Green,Winter,2015.0,Casual,Wildcraft Unisex Green Printed Backpack,Backpacks
38325,Unisex,Accessories,Bags,Red,Summer,2012.0,Casual,Puma Unisex Red Backpack,Backpacks
33398,Women,Accessories,Wallets,Purple,Summer,2012.0,Casual,Baggit Women Bonkers Baby Purple Wallet,Wallets
47220,Men,Footwear,Shoes,Brown,Summer,2012.0,Formal,Franco Leone Men Brown Formal Shoes,Formal Shoes
55321,Women,Personal Care,Skin,White,Spring,2017.0,Casual,Revlon Touch & Glow Advanced Sun Care Daily Moisturising Lotion,Face Moisturisers
9175,Men,Apparel,Bottomwear,Blue,Fall,2011.0,Casual,Locomotive Men Banks Blue Jeans,Jeans
32926,Men,Apparel,Topwear,Purple,Summer,2012.0,Casual,Status Quo Men Printed Purple T-shirt,Tshirts
50653,Men,Apparel,Loungewear and Nightwear,Navy Blue,Winter,2016.0,Casual,Chromozome Men Navy Blue Lounge Shorts,Lounge Shorts
7377,Men,Footwear,Shoes,Brown,Winter,2018.0,Casual,Red Tape Men's Brown Casual Shoe,Casual Shoes
39720,Women,Apparel,Dress,Olive,Summer,2012.0,Casual,Arrow Woman Olive Jumpsuit,
19183,Men,Apparel,Topwear,Grey,Fall,2011.0,Casual,United Colors of Benetton Men Check Grey Shirt,Shirts
19264,Women,Accessories,Watches,Black,Fall,2012.0,Casual,Guess Women Mini Prism Black Watch,Watches
37894,Women,Apparel,Bottomwear,Black,Summer,2012.0,Casual,Happy Socks Women Black & Grey Tights,
8215,Men,Footwear,Shoes,Black,Summer,2011.0,Sports,Nike Men's Lunarglide +2 Black Orange Shoe,Sports Shoes
7139,Women,Apparel,Topwear,Red,Fall,2011.0,Casual,Scullers For Her Women Light Work Red Check Shirts,Shirts
47463,Women,Footwear,Shoes,Black,Summer,2012.0,Casual,Tiptopp Women Black Flats,Flats
20216,Men,Apparel,Topwear,Red,Fall,2011.0,Casual,Wrangler Men Rib Red Sweater,Sweaters
17040,Men,Footwear,Shoes,Blue,Spring,2013.0,Casual,Gas Men Skate 001 Casual Shoe,Casual Shoes
59945,Men,Footwear,Shoes,Blue,Summer,2015.0,Casual,Vans Men Blue Casual Shoes,Casual Shoes
15094,Women,Apparel,Topwear,Orange,Fall,2011.0,Ethnic,Mother Earth Women Printed Orange Kurtas,Kurtas
40636,Women,Apparel,Topwear,Green,Summer,2012.0,Ethnic,Span Women Green Kurta,Kurtas
1587,Men,Footwear,Shoes,White,Spring,2010.0,Sports,Kipsta Men Superfit Football White Shoe,Sports Shoes
10114,Unisex,Footwear,Sandal,Black,Fall,2013.0,Casual,Reebok Unisex Black Sports Sandals,Sports Sandals
12839,Women,Apparel,Bottomwear,Black,Fall,2011.0,Casual,Ant Kids Pleated Black Skirts,
11619,Women,Apparel,Topwear,Beige,Summer,2011.0,Ethnic,W Women Solid Beige Kurtis,Kurtis
35111,Men,Accessories,Wallets,Brown,Summer,2012.0,Casual,Allen Solly Men Leather Brown Wallet,Wallets
19413,Unisex,Accessories,Bags,Blue,Summer,2011.0,Casual,ADIDAS Unisex Power Blue Backpack,Backpacks
34186,Boys,Apparel,Topwear,Green,Summer,2012.0,Casual,Gini and Jony Boys Printed Green T-shirt,Tshirts
48782,Women,Accessories,Jewellery,Silver,Summer,2013.0,Casual,Lucera Women Silver Pendant,Pendant
25003,Men,Apparel,Topwear,Blue,Summer,2012.0,Casual,United Colors of Benetton Men Blue Check Shirt,Shirts
54581,Women,Apparel,Topwear,Green,Summer,2012.0,Ethnic,Sushilas Women Printed Green Kurta,Kurtas
11562,Women,Apparel,Topwear,Purple,Summer,2011.0,Ethnic,W Women Printed Purple Kurtas,Kurtas
36331,Women,Footwear,Shoes,Pink,Summer,2012.0,Casual,Newfeel Women Pink Shoes,Casual Shoes
53135,Women,Footwear,Shoes,Silver,Winter,2015.0,Casual,Catwalk Women Silver Toned Flats,Heels
35192,Unisex,Accessories,Bags,Olive,Summer,2015.0,Casual,Wildcraft Unisex Olive Green & Black Backpack,Backpacks
48794,Women,Accessories,Jewellery,Silver,Summer,2013.0,Casual,Lucera Women Silver Pendant with Chain,Pendant
4317,Unisex,Apparel,Topwear,Red,Summer,2011.0,Casual,Tantra Kid's Unisex Kya Boss Red Kidswear,Tshirts
50816,Men,Accessories,Wallets,Brown,Summer,2012.0,Casual,New Hide Men Brown Passport Holder,Wallets
38241,Unisex,Accessories,Eyewear,Brown,Winter,2016.0,Casual,Polaroid Unisex Sunglasses,Sunglasses
19715,Men,Apparel,Topwear,Blue,Fall,2011.0,Casual,United Colors of Benetton Men Blue Check Shirt,Shirts
48015,Women,Accessories,Watches,Black,Winter,2016.0,Casual,Helix Women Black Watch,Watches
9997,Women,Apparel,Topwear,Blue,Summer,2011.0,Casual,Palm Tree Girls Hs Livia Top Blue Tops,Tops
11398,Men,Apparel,Topwear,Brown,Fall,2011.0,Casual,United Colors of Benetton Men Winter Brown Shirt,Shirts
35259,Women,Apparel,Topwear,Blue,Summer,2012.0,Casual,Lee Women Jane Blue Striped Shirt,Shirts
19712,Men,Apparel,Topwear,Purple,Summer,2011.0,Casual,United Colors of Benetton Men Check Purple Shirt,Shirts
43362,Men,Footwear,Shoes,Grey,Summer,2013.0,Sports,Reebok Men Grey United Runner Sports Shoes,Sports Shoes
34788,Men,Footwear,Shoes,Black,Summer,2012.0,Casual,Fila Men Higgins Black Shoes,Casual Shoes
1808,Unisex,Accessories,Water Bottle,Purple,Fall,2010.0,Sports,Quechua Aluminium Print Water Bottle,
48684,Women,Accessories,Jewellery,Silver,Fall,2012.0,Casual,Lucera Women Silver Earrings,
12874,Men,Footwear,Shoes,Black,Fall,2011.0,Casual,Provogue Men Casual Black Casual Shoes,Casual Shoes
16100,Women,Accessories,Eyewear,Maroon,Winter,2016.0,Casual,M tv Women My Fab Eyewear Maroon Sunglasses,Sunglasses
4211,Boys,Apparel,Topwear,Blue,Summer,2011.0,Casual,Disney Kids Boy's Blue Donald Kidswear,Tshirts
39815,Men,Footwear,Sandal,Black,Summer,2013.0,Casual,Red Tape Men Black Sandals,Sandals
50987,Women,Apparel,Innerwear,Purple,Fall,2012.0,Casual,Enamor Women Purple Dress Up 07 Briefs,Briefs
26684,Men,Footwear,Shoes,Black,Summer,2012.0,Casual,Puma Men Graphic Black & White Shoes,Casual Shoes
35180,Unisex,Accessories,Bags,Grey,Spring,2013.0,Casual,Wildcraft Unisex Grey Backpack,Backpacks
27948,Men,Apparel,Innerwear,Charcoal,Summer,2016.0,Casual,Jockey CSM Men Comfort Stretch Charcoal Trunks CS04,
6698,Men,Apparel,Topwear,Pink,Summer,2011.0,Casual,UCB Men's Polo Neck Logo At Chest Pink T-shirt,Tshirts
54525,Men,Footwear,Shoes,Grey,Fall,2012.0,Sports,F Sports Men Grey Zero Gravity Sports Shoes,Sports Shoes
20679,Men,Footwear,Shoes,Black,Winter,2012.0,Casual,Buckaroo Men Eva Black Casual Shoes,Casual Shoes
38445,Women,Accessories,Bags,Black,Summer,2012.0,Casual,Baggit Women Black I-Pad Cover,
55616,Men,Footwear,Shoes,Black,Summer,2012.0,Casual,Numero Uno Men Black Shoes,Casual Shoes
5413,Girls,Apparel,Topwear,Pink,Summer,2011.0,Casual,Ant Kids Girl's Pink White Check Top Kidswear,Tops
50382,Women,Apparel,Bottomwear,Cream,Summer,2012.0,Ethnic,Vishudh Women Printed Cream Salwar and Dupatta,
52767,Women,Accessories,Bags,White,Fall,2012.0,Casual,Fiorelli Women White Leather Handbag,Handbags
18624,Men,Apparel,Topwear,Cream,Fall,2011.0,Casual,Puma Men Lifestyle Knitted Cream Sweaters,Sweaters
27421,Women,Apparel,Loungewear and Nightwear,Blue,Winter,2015.0,Casual,Jockey Women Blue Lounge Pants,
46287,Women,Apparel,Topwear,Black,Summer,2012.0,Casual,109F Women Black & Cream-Coloured Colourblocked Printed Tunic,Tunics
28821,Men,Apparel,Bottomwear,Navy Blue,Summer,2012.0,Casual,Denizen Men Navy Blue Jeans,Jeans
8240,Women,Accessories,Bags,Mustard,Winter,2016.0,Casual,Fastrack Women Mustard Sling Bag,Handbags
15719,Men,Footwear,Shoes,Fluorescent Green,Fall,2011.0,Sports,Nike Men Egoli FG Fluorescent Green Sports Shoes,Sports Shoes
18437,Unisex,Accessories,Bags,Black,Fall,2011.0,Casual,Vital Gear Unisex Black Backpack,Backpacks
57586,Women,Personal Care,Lips,Brown,Spring,2017.0,Casual,Lotus Herbals Sand Storm Lipstick 181,Lipstick
42066,Unisex,Accessories,Accessories,Black,Summer,2012.0,Casual,American Tourister Unisex Black Key Case,
59370,Women,Apparel,Topwear,Blue,Summer,2012.0,Ethnic,Vishudh Women Blue Printed Kurta,Kurtas
34600,Women,Apparel,Dress,Pink,Summer,2012.0,Casual,Tonga Women Pink Dress,Dresses
44174,Women,Personal Care,Fragrance,White,Spring,2017.0,Casual,Nike Fragrances Women Sensual Touch Perfume and Deo Set,
6835,Unisex,Accessories,Shoe Accessories,Black,Summer,2011.0,,Timberland Unisex Max 2 Shine Black Shoe Accessories,
57591,Women,Personal Care,Lips,Brown,Spring,2017.0,Casual,Lotus Herbals Moistpetals Iced Coffee Lipstick 161,Lipstick
56181,Women,Personal Care,Makeup,Skin,Spring,2017.0,Casual,Colorbar Triple Act Bisque Compact 006,Compact
56873,Women,Footwear,Shoes,Black,Winter,2012.0,Casual,HM Women Black Flats,Heels
52885,Women,Apparel,Saree,Purple,Fall,2012.0,Ethnic,FNF Orange & Purple Sari,Sarees
53927,Women,Accessories,Bags,Black,Summer,2012.0,Casual,Kiara Women Black Handbag,Handbags
48885,Women,Accessories,Jewellery,Silver,Summer,2012.0,Casual,Lucera Women Silver Pendant with Chain,Pendant
8199,Men,Apparel,Topwear,Grey,Summer,2011.0,Casual,Locomotive Men Solid Lancelot Grey T-Shirts,Tshirts
21812,Men,Accessories,Wallets,Brown,Winter,2016.0,Casual,Fossil Men Flyby Brown Wallet,Wallets
50472,Men,Apparel,Innerwear,Orange,Summer,2016.0,Casual,Chromozome Men Grey Brief,Briefs
34630,Men,Footwear,Shoes,White,Summer,2012.0,Sports,Lotto Men White Basketball Mid II Sports Shoes,Sports Shoes
4867,Men,Apparel,Topwear,Red,Summer,2011.0,Sports,Nike Men Manchester United Red Jersey,Tshirts
43759,Women,Accessories,Jewellery,Gold,Summer,2012.0,Ethnic,Royal Diadem Black Earrings,Earrings
50430,Women,Accessories,Bags,Olive,Summer,2012.0,Casual,Lino Perros Women Olive Bag,Handbags
26519,Men,Apparel,Bottomwear,Navy Blue,Spring,2012.0,Casual,Arrow Sport Men Navy Blue Check Shorts,Shorts
17826,Women,Footwear,Shoes,White,Fall,2011.0,Casual,Nike Women Court Majestic White Casual Shoe,Casual Shoes
40748,Women,Footwear,Flip Flops,Pink,Winter,2012.0,Casual,Roxy Women Pink Flip Flops,Flip Flops
59072,Women,Apparel,Innerwear,Black,Summer,2017.0,Casual,Peri Peri Women Black Bra,Bra
55100,Women,Personal Care,Skin Care,Silver,Spring,2017.0,Casual,Ponds Age Miracle Cell ReGen Day Cream SPF 15 10 G,Face Moisturisers
35649,Men,Footwear,Sandal,Black,Summer,2012.0,Casual,U.S. Polo Assn. Men Black Sandals,Sandals
17923,Women,Apparel,Topwear,Black,Fall,2011.0,Casual,Nike Women Sptcas Black Sweatshirt,Sweatshirts
33753,Women,Apparel,Topwear,Black,Summer,2012.0,Casual,Vero Moda Women Black Top,Tops
56075,Women,Personal Care,Lips,Mauve,Spring,2017.0,Casual,Colorbar Plum Lip Liner/Crayon 004,Lip Liner
25325,Men,Accessories,Watches,Black,Summer,2017.0,Casual,Casio Edifice Men Multi-Dial Watch EF-334D-1AVDF(ED420),Watches
4591,Unisex,Accessories,Bags,Blue,Winter,2015.0,Casual,Wildcraft Unisex Blue Printed Backpack,Backpacks
36565,Women,Personal Care,Fragrance,Red,Spring,2017.0,Casual,United Colors of Benetton Women Deo,Deodorant
23164,Men,Apparel,Topwear,Black,Fall,2011.0,Casual,Mark Taylor Men Black Printed T-shirt,Tshirts
42663,Women,Apparel,Topwear,Cream,Summer,2012.0,Ethnic,Alma Women Cream Printed Kurta,Kurtas
5198,Men,Apparel,Topwear,Blue,Summer,2011.0,Casual,Superman Men's Superman Side Turq Blue T-shirt,Tshirts
11153,Men,Accessories,Ties,Blue,Fall,2011.0,Formal,Indigo Nation Men Check Blue Ties,Ties
22169,Men,Footwear,Shoes,Black,Fall,2012.0,Casual,Timberland Men Black Casual Shoes,Casual Shoes
39732,Women,Apparel,Topwear,Peach,Summer,2012.0,Casual,Arrow Woman Peach Top,Tops
52913,Women,Apparel,Saree,Multi,Fall,2012.0,Ethnic,FNF Women Multi Coloured Sari,Sarees
41714,Women,Footwear,Shoes,Black,Winter,2012.0,Casual,Catwalk Women Black Wedges,Heels
9665,Men,Apparel,Topwear,Purple,Fall,2011.0,Casual,Indigo Nation Men Bling PC Purple Shirts,Shirts
50471,Men,Apparel,Innerwear,Blue,Summer,2016.0,Casual,Chromozome Men Blue & Black Brief,Briefs
54608,Men,Apparel,Innerwear,Blue,Summer,2016.0,Casual,Jockey ELANCE Men Blue Briefs 1009,Briefs
51400,Men,Apparel,Topwear,Yellow,Summer,2012.0,Formal,Myntra Men Yellow Shirt,Shirts
10051,Men,Apparel,Topwear,Navy Blue,Fall,2011.0,Casual,Puma Men Motorsport Navy Blue Shirts,Shirts
15408,Men,Footwear,Shoes,Black,Fall,2011.0,Sports,FILA Men Coloda Black Sports Shoes,Sports Shoes
39955,Men,Footwear,Flip Flops,Brown,Summer,2013.0,Casual,Gas Men Brown & Blue Flip Flops,Flip Flops
13852,Men,Apparel,Topwear,Blue,Fall,2011.0,Casual,Indigo Nation Men Check Blue Shirts,Shirts
50014,Men,Apparel,Innerwear,Grey,Summer,2016.0,Casual,Hanes Men Grey Duo Dry Cotton Stretch Muscle T-shirt,Innerwear Vests
42606,Women,Accessories,Jewellery,Gold,Winter,2016.0,Casual,Estelle Women Gold Pendant with Chain,Pendant
29416,Men,Accessories,Watches,Silver,Winter,2016.0,Casual,Giordano Men Silver Dial Watch,Watches
32035,Men,Accessories,Socks,Grey,Summer,2016.0,Casual,Playboy Men Grey Socks,Socks
44032,Men,Personal Care,Fragrance,Silver,Spring,2017.0,Casual,Baldessarini HUGO BOSS Men Prestige Eau De Cologne,Perfume and Body Mist
41855,Men,Accessories,Headwear,Blue,Summer,2012.0,Casual,Probase Men Blue Cap,Caps
3324,Boys,Apparel,Topwear,Blue,Summer,2011.0,Sports,KKR Boys Fangear Tee,Tshirts
45270,Men,Accessories,Watches,Silver,Winter,2016.0,Casual,CASIO Men Silver-Toned Digital Watch I067,Watches
10302,Men,Footwear,Shoes,Brown,Spring,2012.0,Formal,Clarks Men Leather Brown Formal Shoes,Formal Shoes
9391,Men,Footwear,Shoes,White,Fall,2011.0,Sports,Nike Men CapriII White Sports Shoes,Sports Shoes
22504,Women,Footwear,Shoes,Blue,Winter,2015.0,Casual,Catwalk Women Blue Casual Shoes,Casual Shoes
36290,Women,Apparel,Loungewear and Nightwear,Grey,Summer,2017.0,Casual,SDL by Sweet Dreams Women Grey & Green Night suits,Night suits
17852,Women,Apparel,Topwear,White,Fall,2011.0,Casual,Flying Machine Women Up Away White Tshirt,Tshirts
19947,Unisex,Accessories,Bags,Black,Fall,2011.0,Casual,Nike Unisex Classic Base Black Backpack,Backpacks
52817,Women,Accessories,Jewellery,Red,Fall,2012.0,Casual,Adrika Red Earrings,Earrings
59305,Men,Apparel,Topwear,Blue,Fall,2012.0,Casual,U.S. Polo Assn. Denim Co. Men Red & Navy Blue Shirt,Shirts
50437,Men,Apparel,Innerwear,Black,Summer,2016.0,Casual,Chromozome Men Black Briefs,Briefs
50714,Boys,Apparel,Topwear,White,Summer,2012.0,Casual,Doodle Boys white Printed T-Shirt,Tshirts
53480,Women,Apparel,Innerwear,Mushroom Brown,Summer,2017.0,Casual,Amante Mushroom Brown Full-Coverage Bra BCSB02,Bra
11854,Men,Footwear,Flip Flops,Navy Blue,Summer,2012.0,Casual,Playboy Men Navy Blue Flip Flops,Flip Flops
43263,Women,Apparel,Topwear,White,Summer,2012.0,Ethnic,Aneri Women White Kurta,Kurtas
58848,Men,Accessories,Cufflinks,Blue,Summer,2012.0,Casual,Hakashi Men Blue Cufflinks,Cufflinks
16757,Women,Accessories,Bags,Black,Winter,2015.0,Casual,Spice Art Women Beaded Bow Black Clutch,Clutches
36046,Unisex,Accessories,Bags,Blue,Summer,2012.0,Casual,OTLS Unisex Blue Duffle Bag,Duffel Bag
17641,Unisex,Accessories,Headwear,White,Fall,2013.0,Sports,Puma Unisex Cat White Headband,
28658,Women,Footwear,Shoes,Black,Summer,2012.0,Casual,Nike Women Alphaballer  Black Casual Shoes,Casual Shoes
32854,Women,Footwear,Shoes,Black,Winter,2012.0,Casual,Grendha Women Kall Ad Black Flats,Heels
30296,Men,Apparel,Topwear,Off White,Summer,2012.0,Casual,Myntra Men Planet Earth Off White T-shirt,Tshirts
33627,Women,Accessories,Wallets,Pink,Summer,2012.0,Casual,Lino Perros Women Pink Wallet,Wallets
10772,Boys,Footwear,Shoes,Navy Blue,Winter,2012.0,Casual,Disney Kids Navy Blue Casual Shoes,Casual Shoes
27679,Women,Accessories,Bags,Brown,Winter,2015.0,Casual,Murcia Women Brown Handbag,Handbags
7044,Men,Footwear,Shoes,Grey,Summer,2011.0,Casual,Numero Uno Men's Navy Grey Shoe,Casual Shoes
38137,Unisex,Accessories,Bags,Pink,Summer,2015.0,Casual,Wildcraft Unisex Pink & Grey Backpack,Backpacks
33858,Women,Footwear,Flip Flops,Purple,Summer,2012.0,Casual,Puma Women Lucie Purple Flip Flops,Flip Flops
1551,Unisex,Sporting Goods,Sports Equipment,Orange,Fall,2010.0,Sports,Puma Power Cat Trainer-OB Football,
49230,Men,Accessories,Socks,Black,Summer,2016.0,Casual,Calzini Men Pack of 5 Sports Socks,Socks
44023,Men,Personal Care,Fragrance,Blue,Spring,2017.0,Casual,HUGO Men Dark Blue Perfume,Perfume and Body Mist
13566,Men,Apparel,Innerwear,Grey,Summer,2016.0,Casual,Hanes Men Racer Back Grey Innerwear Vests,Innerwear Vests
47287,Women,Accessories,Bags,Purple,Summer,2012.0,Casual,Baggit Women Purple Wallet,Clutches
24174,Women,Apparel,Topwear,Turquoise Blue,Fall,2011.0,Ethnic,Aurelia Women Turquoise Blue Kurti,Kurtis
52059,Men,Apparel,Topwear,White,Summer,2012.0,Casual,Myntra Men White T-shirt,Tshirts
54134,Women,Footwear,Shoes,Brown,Winter,2012.0,Casual,Rocia Women Brown Heels,Heels
18529,Boys,Accessories,Watches,Red,Winter,2016.0,Casual,Chhota Bheem kids-Boys Red Digital Pop Watch,Watches
16815,Men,Apparel,Topwear,Yellow,Fall,2011.0,Casual,Locomotive Men Check Yellow Shirt,Shirts
36751,Girls,Apparel,Topwear,White,Summer,2012.0,Casual,Little Miss Girls Blah White Top,Tops
13493,Unisex,Accessories,Bags,Red,Winter,2015.0,Travel,Wildcraft Unisex Gangotri Black & Red Rucksack,Rucksacks
40663,Women,Apparel,Topwear,Green,Summer,2012.0,Ethnic,Span Women Green Kurta,Kurtas
3971,Women,Apparel,Topwear,Purple,Summer,2011.0,Casual,Jealous 21 Women Purple Basic Top,Tops
13165,Men,Footwear,Shoes,Silver,Fall,2011.0,Sports,Skechers Men Reliance Silver Sports Shoes,Sports Shoes
45255,Men,Accessories,Watches,Black,Winter,2016.0,Casual,CASIO EDIFICE Men Black Dial Chronograph Watch ED152,Watches
10282,Women,Footwear,Shoes,Black,Winter,2013.0,Casual,Clarks Women Spice Pat Black Flats,Flats
20103,Women,Apparel,Topwear,Magenta,Fall,2011.0,Ethnic,Diva Women Printed Magenta Kurta,Kurtas
42594,Boys,Apparel,Bottomwear,Blue,Summer,2012.0,Casual,United Colors of Benetton Boys Blue Slim Fit Jeans,Jeans
25454,Men,Footwear,Flip Flops,Black,Summer,2012.0,Casual,Nike Men Benassi Solarsoft Slide Black Flip Flops,Flip Flops
42213,Women,Apparel,Topwear,Orange,Summer,2012.0,Casual,Sepia Women Orange Top,Tops
27554,Men,Apparel,Topwear,Purple,Summer,2012.0,Formal,Scullers Men Purple Shirt,Shirts
29216,Women,Accessories,Socks,White,Fall,2014.0,Sports,Fila Women White Socks,Socks
13364,Men,Footwear,Shoes,Beige,Fall,2011.0,Casual,Timberland Men Toddler Beige Casual Shoes,Casual Shoes
46620,Women,Footwear,Shoes,Brown,Summer,2016.0,Casual,Catwalk Women Brown Sandals,Heels
52863,Women,Accessories,Jewellery,Green,Summer,2012.0,Casual,Adrika Green Earrings,Earrings
40507,Men,Accessories,Watches,White,Winter,2016.0,Casual,Titan Men White Dial Watch,Watches
49083,Women,Personal Care,Lips,Red,Spring,2017.0,,Deborah Atomic Red 12 Lipstick,Lipstick
37743,Men,Apparel,Topwear,Grey,Summer,2012.0,Casual,John Players Men Stripes Grey Shirt,Shirts
18979,Men,Apparel,Topwear,Blue,Fall,2011.0,Casual,ADIDAS Originals Men Graphic Blue Tshirt,Tshirts
19579,Women,Apparel,Topwear,Green,Summer,2011.0,Casual,United Colors of Benetton Women Green Top,Tops
27053,Women,Accessories,Bags,Black,Summer,2012.0,Casual,Yelloe Black Envelope Look Handbag,Handbags
21905,Women,Apparel,Topwear,Black,Fall,2011.0,Ethnic,BIBA Women Printed Black Kurta,Kurtas
24187,Men,Footwear,Shoes,Black,Summer,2012.0,Casual,Converse Men All Star Black Shoes,Casual Shoes
44682,Women,Apparel,Dress,Blue,Summer,2012.0,Casual,Wills Lifestyle Women Blue Dress,Dresses
35560,Girls,Footwear,Sandal,White,Summer,2012.0,Casual,Enroute Teens White Sandals,Sandals
44101,Men,Personal Care,Fragrance,Black,Spring,2017.0,Casual,Boss Men Soul Perfume,Perfume and Body Mist
14737,Men,Apparel,Topwear,Grey,Fall,2011.0,Formal,Arrow Men Stripes Grey Shirts,Shirts
20002,Women,Apparel,Topwear,Black,Fall,2011.0,Casual,United Colors of Benetton Women Solid Black Top,Tops
33386,Women,Accessories,Bags,Purple,Summer,2012.0,Casual,Baggit Women Banjara Taj Purple Handbag,Handbags
57707,Women,Personal Care,Lips,Pink,Spring,2017.0,Casual,Lotus Herbals Seduction Pink Berry Lip Liner 53,Lip Liner
51844,Women,Apparel,Loungewear and Nightwear,Brown,Summer,2016.0,Casual,Bwitch Brown Nightdress,Nightdress
29168,Women,Apparel,Topwear,Peach,Summer,2012.0,Casual,United Colors of Benetton Women Peach T-shirt,Tshirts
50625,Men,Apparel,Innerwear,Grey Melange,Winter,2016.0,Casual,Chromozome Men Grey Melange Briefs,Briefs
49904,Unisex,Accessories,Watches,Blue,Winter,2016.0,Casual,Q&Q Kids Unisex Blue Dial Analog Watch,Watches
10273,Men,Footwear,Sandal,Black,Summer,2016.0,Casual,Clarks Men Black Leather Closed Sandals,Sandals
47346,Women,Accessories,Bags,White,Summer,2012.0,Casual,Baggit Women White Purse,Clutches
4016,Men,Footwear,Shoes,Maroon,Summer,2011.0,Casual,ADIDAS Men's Kestrel Bargundy White Shoe,Casual Shoes
35234,Men,Footwear,Shoes,Brown,Fall,2012.0,Formal,Fortune Men Brown Formal Shoes,Formal Shoes
43390,Men,Accessories,Wallets,Black,Spring,2012.0,Casual,Lino Perros Men Black Wallet,Wallets
10172,Men,Footwear,Shoes,Grey,Fall,2011.0,Casual,United Colors of Benetton Men Iceland Grey Casual Shoes,Casual Shoes
55424,Women,Personal Care,Lips,Pink,Spring,2017.0,Casual,Revlon Moisture Pink Sunset Lipstick 53,Lipstick
15684,Men,Apparel,Bottomwear,Brown,Fall,2011.0,Casual,Highlander Men Classic Chinos Brown Trousers,Trousers
39056,Men,Accessories,Cufflinks,Steel,Summer,2012.0,Formal,Belmonte Men Silver Button Cover,Cufflinks
9819,Women,Apparel,Topwear,Orange,Fall,2011.0,Casual,Little Miss Women Printed Orange T-shirt,Tshirts
57218,Women,Apparel,Bottomwear,Blue,Fall,2012.0,Casual,Kraus Jeans Women Blue Capris,Capris
20244,Women,Apparel,Topwear,Peach,Fall,2011.0,Casual,Wrangler Women Printed Peach T-shirt,Tshirts
35917,Women,Accessories,Bags,Red,Summer,2012.0,Casual,Peperone Women Red Handbag,Handbags
14851,Women,Accessories,Wallets,Coffee Brown,Summer,2011.0,Casual,United Colors of Benetton Women Solid Coffee Brown Wallets,Wallets
40932,Girls,Apparel,Bottomwear,Blue,Summer,2012.0,Casual,Gini and Jony Girls Happy Style Blue Leggings,Leggings
20949,Women,Footwear,Flip Flops,Yellow,Fall,2011.0,Casual,ADIDAS Women Vines Yellow Flip Flops,Flip Flops
35051,Women,Apparel,Topwear,Blue,Summer,2012.0,Ethnic,Fabindia Women Printed Blue Kurtis,Kurtis
56704,Men,Apparel,Topwear,Rust,Summer,2012.0,Ethnic,Fabindia Men Rust Kurta,Kurtas
32536,Men,Personal Care,Fragrance,Black,Spring,2017.0,Casual,Playboy Men Malibu Fragrance Gift Set,Fragrance Gift Set
4338,Men,Footwear,Shoes,Black,Summer,2011.0,Sports,Fila Men's Leonard Black Shoe,Sports Shoes
49617,Women,Footwear,Shoes,Black,Winter,2015.0,Casual,Catwalk Women Black Heels,Heels
59523,Women,Accessories,Jewellery,Silver,Summer,2015.0,Casual,Lucera Silver Earrings,Earrings
57393,Women,Apparel,Innerwear,Multi,Winter,2015.0,Casual,Amante Women Pack of 6 Briefs PFCN06,Briefs
41767,Women,Apparel,Topwear,Red,Summer,2012.0,Casual,Remanika Women Red Top,Tops
55863,Women,Personal Care,Nails,Blue,Spring,2017.0,Casual,Colorbar Blue Topaz Nail Lacquer 91,Nail Polish
47678,Women,Apparel,Topwear,Black,Summer,2012.0,Casual,Femella Women Black Leopard Print Top,Tops
55335,Women,Personal Care,Hair,Brown,Spring,2017.0,Casual,Revlon Colorsilk Brown-Black Hair Colour 2N,Hair Colour
28032,Men,Apparel,Innerwear,White,Summer,2016.0,Casual,Jockey ELANCE Men Bikini White Brief 1005,Briefs
15781,Men,Apparel,Innerwear,Black,Summer,2016.0,Casual,Facit Black Comfort Briefs,Briefs
4223,Men,Apparel,Topwear,Green,Summer,2011.0,Casual,Probase Men's 8 Green T-shirt,Tshirts
30786,Men,Apparel,Topwear,Olive,Summer,2012.0,Ethnic,Fabindia Men Olive Printed Kurta,Kurtas
6291,Men,Apparel,Topwear,Red,Summer,2011.0,Casual,Classic Polo Men's Swiss Red T-shirt,Tshirts
46298,Women,Personal Care,Fragrance,Lavender,Spring,2017.0,Casual,Jacques M Women Caress Deo,Deodorant
57765,Women,Personal Care,Skin Care,White,Spring,2017.0,Casual,Lotus Herbals Apricot Scrub,Face Wash and Cleanser
26902,Women,Apparel,Topwear,Lavender,Summer,2012.0,Casual,Jealous 21 Women Printed Lavender Top,Tops
13243,Men,Apparel,Bottomwear,Beige,Fall,2011.0,Casual,Palm Tree Kids Boys Solid Beige Shorts,Shorts
14104,Women,Apparel,Topwear,Black,Fall,2011.0,Casual,Flying Machine Women Printed Black Tshirts,Tshirts
9638,Men,Apparel,Topwear,Black,Fall,2011.0,Casual,Indigo Nation Men Striped  Black Shirt,Shirts
37948,Women,Apparel,Topwear,Blue,Summer,2012.0,Casual,Mineral Women Blue Floral Print Shirt,Shirts
17420,Men,Accessories,Watches,Black,Winter,2016.0,Casual,Casio Enticer Men Black Dial Analogue Watch A479,Watches
39990,Men,Footwear,Shoes,White,Summer,2013.0,Casual,Gas Men Skate White Shoes,Casual Shoes
47532,Women,Footwear,Shoes,Black,Winter,2012.0,Ethnic,Portia Women Black & Gold-Toned Sandals,Flats
40265,Men,Apparel,Topwear,Purple,Summer,2012.0,Casual,Scullers Men Purple T-shirt,Tshirts
20218,Men,Apparel,Topwear,Charcoal,Fall,2011.0,Casual,Wrangler Men Rib Charcoal Sweater,
55370,Women,Personal Care,Nails,Pink,Spring,2017.0,Casual,Revlon Iced Mauve Nail Polish 333,Nail Polish
4013,Unisex,Sporting Goods,Sports Equipment,Brown,Summer,2011.0,Casual,Spalding  177z NBA School Brown Basketball,
40210,Men,Accessories,Ties,Black,Summer,2012.0,Formal,Provogue Men Black Tie,Ties
37736,Men,Apparel,Topwear,Blue,Summer,2012.0,Casual,John Players Men Check Blue Shirt,Shirts
44982,Women,Accessories,Watches,White,Winter,2016.0,Casual,Maxima Women White Dial Watch,Watches
28219,Men,Personal Care,Fragrance,Green,Spring,2017.0,Casual,YARDLEY Men Adventure Deo,Deodorant
33351,Men,Footwear,Shoes,Black,Summer,2012.0,Formal,Homme Men Black Formal Shoes,Formal Shoes
10356,Men,Apparel,Topwear,Blue,Fall,2011.0,Casual,United Colors of Benetton Men Solid Blue Shirts,Shirts
5183,Men,Apparel,Topwear,Navy Blue,Summer,2011.0,Casual,Mickey Men's Donald Jumps Bring It On Navy T-shirt,Tshirts
22180,Men,Footwear,Shoes,Olive,Fall,2012.0,Casual,Timberland Men Olive Casual Shoes,Casual Shoes
22725,Men,Footwear,Shoes,Red,Fall,2011.0,Sports,Nike Men Zoom Hyperdunk Red Sports Shoes,Sports Shoes
36458,Men,Footwear,Shoes,Black,Spring,2013.0,Sports,Spinn Men Texan Black Sports Shoes,Sports Shoes
11844,Men,Footwear,Shoes,Grey,Fall,2012.0,Casual,Playboy Men Casual Grey Casual Shoes,Casual Shoes
3062,Men,Apparel,Topwear,Blue,Summer,2011.0,Casual,Tantra Men's Vegetarian Blue T-shirt,Tshirts
14096,Men,Apparel,Topwear,Blue,Fall,2011.0,Casual,Flying Machine Men Stripes Blue Tshirts,Tshirts
33985,Women,Apparel,Bottomwear,Black,Spring,2012.0,Casual,Femella Women Black Stockings,Stockings
38863,Women,Apparel,Topwear,Blue,Summer,2012.0,Casual,Latin Quarters Women Blue Printed Top,Tops
3059,Men,Apparel,Topwear,Brown,Summer,2011.0,Casual,Tantra Men's Super Heros Chocolate T-shirt,Tshirts
4611,Unisex,Accessories,Bags,Olive,Winter,2015.0,Casual,Wildcraft Unisex Olive Green Waist Pouch,Waist Pouch
6603,Men,Apparel,Topwear,White,Summer,2011.0,Casual,Spykar Men's White Purple Green Stripe T-shirt,Tshirts
14893,Women,Accessories,Accessories,Blue,Summer,2011.0,Casual,United Colors of Benetton Women Solid Blue Bags,
28301,Men,Accessories,Eyewear,Black,Winter,2016.0,Casual,Fastrack Men Black Sunglasses M069BK3,Sunglasses
13499,Men,Apparel,Topwear,Blue,Fall,2011.0,Casual,Chimp Men Mard ban Blue Tshirts,Tshirts
28922,Men,Accessories,Bags,Black,Summer,2012.0,Casual,Cabarelli Men Black Backpack,Backpacks
50543,Men,Apparel,Innerwear,White,Summer,2016.0,Casual,Chromozome Men White Briefs,Briefs
52342,Women,Apparel,Loungewear and Nightwear,Pink,Winter,2015.0,Casual,Red Rose Women Pink Nightdress,Nightdress
26814,Men,Apparel,Topwear,Blue,Summer,2012.0,Formal,Arrow Men Blue Striped Shirt,Shirts
25926,Women,Apparel,Topwear,Red,Summer,2012.0,Casual,Femella Women Red T-shirt,Tshirts
59283,Men,Accessories,Watches,White,Winter,2016.0,Casual,Titan Men White Dial Watch,Watches
55322,Women,Personal Care,Skin,White,Spring,2017.0,Casual,Revlon Touch & Glow Advanced Fairness Daily Moisturising Cream SPF15,Face Moisturisers
6661,Men,Footwear,Shoes,Black,Summer,2011.0,Casual,Nike Men's Classic Leather Black Shoe,Casual Shoes
51667,Men,Accessories,Eyewear,Grey,Winter,2016.0,Casual,Louis Philippe Men Grey Sunglasses,Sunglasses
28519,Men,Apparel,Bottomwear,Black,Summer,2012.0,Sports,Nike Men Breakline Black Track Pants,Track Pants
42640,Women,Apparel,Topwear,Red,Summer,2012.0,Casual,W Women Red Dress,Kurtas
35034,Women,Apparel,Bottomwear,Navy Blue,Summer,2012.0,Ethnic,Fabindia Women Navy Blue Churidar,Churidar
8317,Men,Apparel,Topwear,Blue,Summer,2012.0,Casual,Wildcraft Men Blue Printed T-shirt,Tshirts
6234,Women,Apparel,Topwear,Navy Blue,Summer,2011.0,Casual,UCB Women's Basic Neck Navy T-shirt,Tshirts
6529,Men,Apparel,Topwear,White,Summer,2011.0,Sports,Nike Men's Pique Blue Polo T-Shirt,Tshirts
36746,Boys,Apparel,Apparel Set,White,Summer,2012.0,Casual,Mr.Men Boys Weeee!! White Clothing Set,
27887,Women,Apparel,Topwear,White,Summer,2012.0,Formal,Scullers For Her White Check Shirt,Shirts
7692,Women,Apparel,Topwear,Red,Fall,2011.0,Casual,Urban Yoga Women's Ganesha Red T-shirt,Tshirts
55202,Women,Personal Care,Lips,Pink,Spring,2017.0,Casual,Lakme Lip Love Hottie Lip Conditioner,Lip Care
4987,Women,Apparel,Dress,White,Summer,2011.0,Casual,Gini and Jony Girl's Viveca White Floral Kidswear,Dresses
51352,Women,Apparel,Bottomwear,Blue,Summer,2012.0,Casual,Spykar Women Blue Jeans,Jeans
25125,Women,Accessories,Bags,Gold,Winter,2015.0,Casual,Lino Perros Women Sequins Gold Clutch,Clutches
27900,Women,Apparel,Bottomwear,Beige,Summer,2012.0,Casual,Scullers For Her Women Beige Trousers,Trousers
25268,Women,Accessories,Bags,Red,Summer,2012.0,Casual,Lino Perros Women Red & Grey Checks Handbag,Handbags
19062,Women,Apparel,Topwear,Maroon,Fall,2011.0,Ethnic,Aurelia Women Solid Maroon Kurti,Kurtis
55385,Women,Personal Care,Nails,Red,Spring,2017.0,Casual,Revlon Tuscan Sun Nail Polish 314,Nail Polish
48130,Women,Accessories,Bags,Black,Winter,2016.0,Casual,Fossil Women Black Handbag,Handbags
43665,Women,Apparel,Topwear,Purple,Summer,2012.0,Casual,ONLY Women Purple Tunic,
17080,Women,Accessories,Wallets,Blue,Winter,2015.0,Casual,Lino Perros Women Flower Turquoise Blue Wallet,Wallets
8519,Women,Accessories,Bags,Pink,Summer,2011.0,Casual,Nike Women Nike Pink-Blue tote Pink Bags,Handbags
33537,Women,Footwear,Shoes,Brown,Summer,2016.0,Casual,Cobblerz Women Brown Ballerinas,Flats
28479,Men,Apparel,Topwear,Black,Summer,2012.0,Casual,Urban Yoga Men Printed Black T-shirt,Tshirts
44560,Men,Footwear,Sandal,Black,Summer,2012.0,Casual,Coolers Men Black Sandals,
58501,Women,Apparel,Dress,Beige,Fall,2012.0,Casual,Tonga Brown Animal Print Dress,Dresses
12493,Women,Accessories,Bags,Black,Fall,2011.0,Casual,United Colors of Benetton Women Black Handbag,Handbags
15023,Men,Apparel,Topwear,Black,Fall,2011.0,Sports,ADIDAS Men Printed Black Tshirts,Tshirts
28396,Women,Accessories,Eyewear,Brown,Winter,2016.0,Casual,Idee Women Brown Sunglasses,Sunglasses
13171,Women,Footwear,Shoes,Navy Blue,Fall,2011.0,Sports,Skechers Women Bravos Navy Blue Sports Shoes,Sports Shoes
32652,Women,Apparel,Topwear,Lavender,Summer,2012.0,Sports,Nike Women Sublimated Lavender T-shirt,Tshirts
6381,Men,Footwear,Shoes,White,Summer,2011.0,Sports,Puma Men's Futue Cat Engine White Shoe,Sports Shoes
8172,Women,Footwear,Shoes,Blue,Winter,2015.0,Casual,Catwalk Women Slim Casual Beige Wedges,Heels
25400,Men,Accessories,Mufflers,Red,Summer,2012.0,Casual,Nike Men Red Football Club Muffler,Mufflers
5540,Men,Footwear,Shoes,Black,Summer,2011.0,Sports,Nike Men's Lunar Fly Black Blue Shoe,Sports Shoes
40643,Women,Apparel,Topwear,Red,Summer,2012.0,Ethnic,Span Women Red Kurta,Kurtas
3870,Men,Apparel,Topwear,White,Summer,2011.0,Casual,Wrangler Men's Poster Print Slub Offwhite T-shirt,Tshirts
13744,Men,Apparel,Topwear,Black,Fall,2011.0,Formal,Belmonte Men Solid Black Shirts,Shirts
25790,Men,Apparel,Topwear,Red,Summer,2012.0,Formal,Arrow Men Red Suspenders,Suspenders
54688,Women,Apparel,Apparel Set,Pink,Fall,2012.0,Ethnic,Shree Women Pink & Black Printed Salwar Suit with Dupatta,Kurta Sets
28501,Men,Apparel,Bottomwear,Navy Blue,Summer,2012.0,Sports,Urban Yoga Men Navy Blue Track Pants,Track Pants
56148,Women,Personal Care,Makeup,Pink,Spring,2017.0,Casual,Colorbar Enchanting Trio Innocently Pink Eye Shadow 001,Eyeshadow
4173,Men,Footwear,Shoes,Black,Summer,2011.0,Sports,Reebok Men's RunTone Action Silver Shoe,Sports Shoes
49821,Women,Footwear,Flip Flops,Orange,Winter,2012.0,Casual,iPanema Women Orange Flip Flops,Flip Flops
46628,Women,Personal Care,Fragrance,Blue,Spring,2017.0,Casual,Rasasi Women Blue Lady Deo,Deodorant
3656,Men,Footwear,Shoes,Black,Summer,2011.0,Sports,Fila Men's Emotion Black Shoe,Sports Shoes
39241,Women,Apparel,Loungewear and Nightwear,Blue,Summer,2017.0,Casual,Femella Women Blue Nightdress,Nightdress
6408,Men,Footwear,Sandal,Beige,Summer,2011.0,Casual,Lotto Men Cross Beige Floater,Sandals
18395,Men,Apparel,Innerwear,White,Summer,2016.0,Casual,Undercolors of Benetton Men White V-Brief,Briefs
25971,Women,Apparel,Dress,Black,Summer,2012.0,Casual,Femella Women Black Dress,Dresses
38640,Men,Apparel,Topwear,Blue,Summer,2012.0,Casual,Nike Men Cricket Blue Polo T-shirt,Tshirts
28623,Men,Apparel,Topwear,Black,Summer,2012.0,Sports,Nike Men Media Polo Black T-shirt,Tshirts
34981,Women,Apparel,Saree,Green,Summer,2012.0,Ethnic,Fabindia Women H& Printed Green Sari,Sarees
46448,Men,Accessories,Watches,Black,Winter,2016.0,Casual,Timex Men Black Dial Watch,Watches
21150,Men,Apparel,Topwear,Blue,Fall,2011.0,Casual,s.Oliver Men Check Blue Shirts,Shirts
19541,Men,Accessories,Gloves,Black,Fall,2011.0,Casual,United Colors of Benetton Men Solid Black Gloves,Gloves
53368,Unisex,Accessories,Bags,Black,Summer,2012.0,Casual,Puma Unisex Black Backpack,Backpacks
30187,Men,Accessories,Bags,Black,Summer,2012.0,Casual,Nike Men Black Arsenal Allegiance Laptop Bag,
36036,Unisex,Accessories,Bags,Mustard,Summer,2012.0,Casual,OTLS Unisex Mustard Brown Bag,Handbags
44139,Men,Personal Care,Fragrance,Blue,Spring,2017.0,Casual,Dunhill Men Desire Blue Perfume,Perfume and Body Mist
43299,Men,Footwear,Flip Flops,Teal,Summer,2012.0,Casual,United Colors of Benetton Men Teal Flip Flop,Flip Flops
43861,Women,Accessories,Jewellery,Maroon,Summer,2012.0,Casual,Royal Diadem Maroon Earrings,Earrings
39798,Men,Apparel,Topwear,Blue,Spring,2013.0,Formal,Peter England Men Blue Formal Shirt,Shirts
44497,Women,Footwear,Shoes,Brown,Summer,2012.0,Casual,Gliders Women Brown Shoes,Casual Shoes
26629,Unisex,Footwear,Shoes,Black,Summer,2012.0,Casual,Puma Kids Unisex Future Cat M2 Black Casual Shoes,Casual Shoes
46425,Men,Accessories,Watches,Silver,Winter,2016.0,Casual,Timex Men Sliver Dial Chronograph Watch,Watches
15958,Men,Accessories,Ties,Purple,Fall,2011.0,Formal,Turtle Men Solid Purple Ties,Ties
49143,Women,Personal Care,Lips,Brown,Spring,2017.0,Casual,Deborah Hazel Euphoric Shine 13 Lip Gloss,Lip Gloss
41848,Unisex,Accessories,Bags,Black,Summer,2012.0,Casual,ADIDAS Unisex Black Predator Backpack,Backpacks
54661,Women,Accessories,Watches,Red,Winter,2016.0,Casual,Fastrack Women White Dial Watch,Watches
24154,Women,Apparel,Topwear,Orange,Summer,2011.0,Ethnic,Aurelia Women Orange Kurta,Kurtas
6838,Unisex,Accessories,Shoe Accessories,White,Summer,2011.0,,Timberland Unisex Boot Sauce Leather Conditioner,Shoe Accessories
28086,Men,Apparel,Innerwear,Black,Summer,2016.0,Casual,Jockey GOLDEDN Men Black Briefs 4012,Briefs
52944,Women,Apparel,Saree,Off White,Summer,2012.0,Ethnic,FNF Printed Blue Sari,Sarees
34857,Men,Footwear,Shoes,Black,Summer,2012.0,Casual,Vans Men Classic Slip-On Black Shoes,Casual Shoes
56582,Women,Personal Care,Makeup,Bronze,Spring,2017.0,,Streetwear Crystal Shine Bronze Face Brightener Loose Powder,
34467,Unisex,Accessories,Bags,Black,Summer,2012.0,Casual,ADIDAS Unisex Black Laptop Sleeve,Laptop Bag
38185,Women,Accessories,Eyewear,Gold,Winter,2016.0,Casual,Miami Blues Women Sunglasses,Sunglasses
17630,Unisex,Accessories,Accessories,Black,Fall,2011.0,Casual,Puma Unisex Jamaica Lifestyle Black Messenger Bag,Messenger Bag
37150,Men,Apparel,Topwear,Grey,Summer,2016.0,Casual,Campbell Men Pack of 3 T-shirt,Tshirts
37884,Unisex,Accessories,Socks,Black,Summer,2016.0,Casual,Happy Socks Unisex Black Socks,Socks
15166,Men,Apparel,Topwear,Red,Fall,2011.0,Casual,Arrow Sport Men Stripes Red Polo Tshirts,Tshirts
17611,Women,Apparel,Topwear,Pink,Fall,2011.0,Casual,Doodle  Fairy Girl Pink Tshirt,Tshirts
5101,Men,Apparel,Topwear,White,Summer,2011.0,Casual,Wrangler Men's Cowboy Color White T-shirt,Tshirts
4454,Men,Footwear,Shoes,Brown,Summer,2011.0,Casual,ADIDAS Men's Brown Color Canvas Shoe,Casual Shoes
4376,Men,Apparel,Topwear,Blue,Summer,2011.0,Casual,Mickey Men's Textured Silhoutte Heritage Blue T-shirt,Tshirts
32609,Men,Accessories,Wallets,Brown,Spring,2013.0,,Levitate Men Brown Wallet,Wallets
50951,Women,Apparel,Bottomwear,Black,Winter,2011.0,Casual,Lee Women Black Jeans,Jeans
28509,Men,Apparel,Topwear,Purple,Summer,2012.0,Sports,Nike Men Training Purple T-shirt,Tshirts
25223,Women,Accessories,Bags,Magenta,Winter,2015.0,Casual,Lino Perros Women Leatherette Magenta Handbag,Handbags
52650,Women,Accessories,Bags,Beige,Summer,2012.0,Casual,Mod'acc Women Beige Handbag,Handbags
33154,Men,Apparel,Topwear,Blue,Summer,2012.0,Casual,Classic Polo Men Printed Blue T-shirt,Tshirts
19543,Men,Accessories,Gloves,Red,Fall,2011.0,Casual,United Colors of Benetton Men Solid Red Gloves,Gloves
16750,Women,Accessories,Bags,Beige,Winter,2015.0,Casual,Spice Art Women Gun Metal Leatherette Metallic Clutch,Clutches
20630,Women,Accessories,Belts,Green,Winter,2015.0,Casual,Baggit Women Fiancee Taj Green Belt,Belts
24006,Men,Apparel,Topwear,White,Summer,2012.0,Casual,Regent Polo Club Men White Striped Shirt,Shirts
32246,Women,Apparel,Bottomwear,Pink,Summer,2012.0,Ethnic,Fabindia Women Pink Patiala,Patiala
2746,Boys,Apparel,Topwear,Yellow,Summer,2011.0,Casual,Disney Kids Boy's Yellow Polo Tshirt,Tshirts
16141,Women,Apparel,Topwear,Yellow,Fall,2011.0,Casual,Tokyo Talkies Women Printed Yellow Top,Tops
54718,Women,Apparel,Topwear,Purple,Summer,2012.0,Ethnic,Shree Women Purple and White Printed Kurta,Kurtas
15964,Men,Apparel,Topwear,Khaki,Fall,2011.0,Casual,Turtle Solid Men Khaki Jacket,Jackets
50637,Men,Apparel,Innerwear,Red,Summer,2016.0,Casual,Chromozome Men Red Innerwear Vest,Innerwear Vests
49900,Unisex,Accessories,Watches,White,Winter,2016.0,Casual,Q&Q Kids Unisex White Dial Watch,Watches
55081,Women,Personal Care,Skin Care,Pink,Spring,2017.0,Casual,Ponds White Beauty Daily Spot-less Lightening Facial Foam,
38334,Girls,Apparel,Topwear,White,Summer,2012.0,Casual,Mr. Men Little Miss Girls White Printed Top,Tops
41495,Men,Apparel,Topwear,Purple,Summer,2012.0,Casual,Locomotive Men Purple T-shirt,Tshirts
48801,Women,Accessories,Jewellery,Silver,Summer,2015.0,Casual,Lucera Women Silver Pendant,Pendant
46449,Women,Accessories,Watches,Silver,Winter,2016.0,Casual,Timex Women Silver-Toned Dial Watch J103,Watches
34119,Men,Footwear,Sandal,Brown,Summer,2016.0,Casual,Clarks Men Brown Leather Sandals,Sandals
12803,Women,Apparel,Topwear,Pink,Fall,2011.0,Casual,Nike Women Polka Dot Grafitti Pink T-shirt,Tshirts
23317,Women,Apparel,Topwear,Brown,Fall,2011.0,Ethnic,W Women Brown Printed Kurta,Kurtas
39499,Men,Apparel,Topwear,Yellow,Summer,2012.0,Casual,Wildcraft Men Yellow T-shirt,Tshirts
57530,Men,Footwear,Shoes,Black,Fall,2012.0,Casual,Provogue Men Black Casual Shoes,Casual Shoes
39663,Men,Footwear,Shoes,Black,Summer,2012.0,Casual,Lotto Men Black Shoes,Casual Shoes
37886,Unisex,Accessories,Socks,Black,Summer,2016.0,Casual,Happy Socks Unisex Black Pack of Two Socks,Socks
5103,Women,Footwear,Shoes,Silver,Summer,2011.0,Sports,Reebok Women Easytone Raceon Silver Shoe,Sports Shoes
6230,Women,Apparel,Topwear,Pink,Summer,2011.0,Casual,UCB Women's Basic Round Light Pink T-shirt,Tshirts
50732,Men,Footwear,Sandal,Khaki,Winter,2018.0,Casual,Red Chief Men Khaki Sandals,Sandals
11719,Men,Apparel,Topwear,Yellow,Summer,2011.0,Casual,Lee Men Check Yellow Shirts,Shirts
6243,Men,Apparel,Topwear,Green,Summer,2011.0,Casual,UCB Men's Contrast Logo Olive Green T-shirt,Tshirts
25846,Women,Apparel,Topwear,Multi,Summer,2012.0,Ethnic,Diva Women Printed Multi Coloured Kurta,Kurtas
5079,Women,Accessories,Watches,White,Winter,2016.0,Casual,Being Human Women White Silicon Strap Stones Watch,Watches
20304,Women,Apparel,Topwear,Maroon,Fall,2011.0,Casual,Jealous 21 Women Stripes Maroon Sweater,Sweaters
4251,Men,Apparel,Topwear,Green,Summer,2011.0,Casual,Probase Men's Crack Print Ghost Buster Grey T-shirt,Tshirts
49969,Men,Apparel,Innerwear,Grey,Summer,2016.0,Casual,Hanes Men Grey Innerwear Vest,Innerwear Vests
36140,Men,Footwear,Shoes,Black,Summer,2012.0,Sports,Nike Men Free 3 V4 Black Sports Shoes,Sports Shoes
35147,Women,Accessories,Bags,White,Summer,2012.0,Casual,Allen Solly Woman White Handbag,Handbags
34231,Men,Apparel,Topwear,Lavender,Summer,2013.0,Casual,Proline Men Lavender T-shirt,Tshirts
34731,Women,Accessories,Bags,Mustard,Summer,2012.0,Casual,Baggit Women Mustard Selection Hunt Sling Bag,Handbags
56183,Women,Personal Care,Makeup,Skin,Spring,2017.0,Casual,Colorbar Triple Act Sand Compact 002,
10062,Men,Apparel,Topwear,Grey,Fall,2011.0,Casual,Puma Men Puma runhard tee Grey Tshirts,Tshirts
6240,Men,Apparel,Topwear,White,Summer,2011.0,Casual,UCB Men's Contrast Logo White T-shirt,Tshirts
57867,Women,Personal Care,Skin Care,Yellow,Spring,2017.0,Casual,Biotique Women Bio Aloevera SPF 30 Sunscreen Lotion,Sunscreen
33768,Men,Footwear,Shoes,Tan,Summer,2012.0,Casual,ADIDAS Neo Men Utility Deck Tan Shoes,Casual Shoes
37931,Women,Apparel,Topwear,Peach,Summer,2012.0,Casual,Mineral Women Peach Tunic,Tunics
55284,Women,Personal Care,Makeup,Bronze,Spring,2017.0,Casual,Lakme Cheek Chromatic Day Sheer Blusher,Highlighter and Blush
57832,Women,Apparel,Topwear,Pink,Summer,2012.0,Casual,United Colors of Benetton Women Pink Top,Tops
