artist,song,lyric_chars
Whiskeytown,Hard Luck Story,1436
Eric Clapton,All Your Love,686
Lucky Dube,Put A Little Love,1164
Hanson,Magic Carpet Ride,936
Johnny Cash,Hit The Road And Go,1124
Pat Benatar,Temporary Heroes,839
Bryan White,Love Happens Just Like That,1361
Ocean Colour Scene,The Face Smiles Back Easily - Hundred Mile High City B - Side,733
Carpenters,"Man Smart, Woman Smarter",956
Lou Reed,Mistrial,1083
Who,Little Billy,1060
Squeeze,Talk To Him,937
Carly Simon,It's Hard To Be Tender,858
Erik Santos,I Believe,690
Keith Green,When There's Love,1145
Genesis,Lover's Leap,796
Fiona Apple,Get Gone,1268
Religious Music,Angels Among Us,1459
Jackson Browne,Funny You Should Ask,790
Rush,Freewill,1000
Van Morrison,Friday's Child,1213
Overkill,Walk Through Fire,1439
Oingo Boingo,Everybody Needs,2007
Luther Vandross,Don't You Know That?,1989
Lionel Richie,Tell Me,1531
