receipt_file,company,date,address,total
X51005676538.jpg,SYARIKAT PERNIAGAAN GIN KEE,04/01/2018,"NO 290, JALAN AIR PANAS, SETAPAK, 53200, KUALA LUMPUR.",44.73
X51005361900.jpg,TEO HENG STATIONERY & BOOKS,23/01/2018,"NO.53,JALAN BESAR,45600 BATANG BERJUNTAI SELANGOR DARUL EHSAN",18.00
X51006414392.jpg,DI HUAN YA RESTAURANT,07/04/2018,"5,JALAN PERMAS 10/5, BANDAR BARU PERMAS JAYA, 81750 JOHOR BAHRU,JOHOR",35.00
X51006350763.jpg,GL HANDICRAFT & TAII ORING,09/04/2018,"19, JALAN KANCIL, OFF JALAN PUDU, 55100 KUALA LUMPUR MALAYSIA",104.00
X51006311767.jpg,TONYMOLY VIVA CITY,29/03/2018,"UNIT L1-044B, VIVACITY MEGAMALL, JALAN WAN ALWI, 93350 KUCHING, SARAWAK.",48.95
X51005711447.jpg,RESTORAN WAN SHENG,14-03-2018,"NO.2, JALAN TEMENGGUNG 19/9, SEKSYEN 9, BANDAR MAHKOTA CHERAS, 43200 CHERAS, SELANGOR",2.30
X51005663280.jpg,T.A.S LEISURE SDN BHD,30 DEC 17,,102.40
X51008099044.jpg,RESTORAN WAN SHENG,18-06-2018,"NO.2, JALAN TEMENGGUNG 19/9, SEKSYEN 9, BANDAR MAHKOTA CHERAS, 43200 CHERAS, SELANGOR",6.50
X51005577192.jpg,FY EAGLE ENTERPRISE,04/12/2017,"NO. 42, JALAN PBS 14/11, TAMAN PERINDUSTRIAN BUKIT SERDANG, 43300 SERI KEMBANGAN, SELANGOR",7.00
X51008142060.jpg,KEDAI PAPAN YEW CHUAN,26/05/2018,"LOT 276 JALAN BANTING 43800 DENGKIL, SELANGOR",121.90
X51006913031.jpg,UNIHAKKA INTERNATIONAL SDN BHD,09 MAY 2018,"12, JALAN TAMPOI 7/4,KAWASAN PERINDUSTRIAN TAMPOI,81200 JOHOR BAHRU,JOHOR",$6.60
X51005433514.jpg,UNIHAKKA INTERNATIONAL SDN BHD,03 MAR 2018,"12, JALAN TAMPOI 7/4,KAWASAN PERINDUSTRIAN TAMPOI 81200 JOHOR BAHRU,JOHOR",$8.20
X51005433492.jpg,UNIHAKKA INTERNATIONAL SDN BHD,05 MAR 2018,"12, JALAN TAMPOI 7/4,KAWASAN PERINDUSTRIAN TAMPOI,81200 JOHOR BAHRU,JOHOR",$8.20
X51005605333.jpg,POPULAR BOOK CO. (M) SDN BHD,07/01/18,"NO 8, JALAN 7/118B, DESA TUN RAZAK 56000 KUALA LUMPUR, MALAYSIA KL FESTIVAL CITY MALL",31.45
X51006008091.jpg,POPULAR BOOK CO. (M) SDN BHD,05/03/18,"NO 8, JALAN 7/118B, DESA TUN RAZAK 56000 KUALA LUMPUR, MALAYSIA",9.90
X51006329399.jpg,OLIVE9 PHARMACY SDN BHD,31/03/2017,"69 JALAN NOVA U5/N, SEKSYEN U5 SUBANG BE",12.15
X51007419197.jpg,MYNEWS RETAIL SB,28/06/2018,"UNIT 105, BLOCK A,PUSAT DAGANGAN PHILEO DAMANSARA, NO.9, JALAN 16/11,,46350,PETALING JAYA,SELANGOR",6.00
X51008164525.jpg,PASAR RAYA MEGA MAJU (SEMENYIH) SDN BHD,03/07/2018,"NO 24, 25 & 26, JALAN PUSAT PERNIAGAAN BUNGA RAYA 4, PUSAT PERNIAGAAN BUNGA RAYA,",30.45
X51005361946.jpg,MR. D.I.Y. (M) SDN BHD,14-03-18,"LOT 1851-A & 1851-B, JALAN KPB 6, KAWASAN PERINDUSTRIAN BALAKONG, 43300 SERI KEMBANGAN, SELANGOR",37.10
X51008114260.jpg,99 SPEED MART S/B,02-05-18,"LOT P.T. 2811, JALAN ANGSA, TAMAN BERKELEY 41150 KLANG, SELANGOR 1237-TMN INDAH PERDANA",23.60
X51005757323.jpg,MR. D.I.Y. (M) SDN BHD,26-03-18,"LOT 1851-A & 1851-B, JALAN KPB 6, KAWASAN PERINDUSTRIAN BALAKONG, 43300 SERI KEMBANGAN, SELANGOR",28.00
X51006913024.jpg,UNIHAKKA INTERNATIONAL SDN BHD,14 MAY 2018,"12, JALAN TAMPOI 7/4,KAWASAN PERINDUSTRIAN TAMPOI,81200 JOHOR BAHRU,JOHOR",$8.90
X51006008197.jpg,RELAIS TOTAL OULMES,30/03/2018,AUTOROUTE RABAT MEKNES 15000 KHEMISSET,56.00
X51007231336.jpg,UNIHAKKA INTERNATIONAL SDN BHD,13 MAY 2018,"12, JALAN TAMPOI 7/4,KAWASAN PERINDUSTRIAN TAMPOI,81200 JOHOR BAHRU,JOHOR",$8.70
X51008142059.jpg,KEDAI PAPAN YEW CHUAN,17/04/2018,"LOT 276 JALAN BANTING 43800 DENGKIL, SELANGOR",190.80
